Workbook

Sheet Details
A1: 配信プラットフォーム風 売上報告（架空）
A2: 非公式・架空データ・実在企業発行書式ではありません。取込・加工テスト専用。
A3: 対象期間: 2026-07 / 取引先: 架空配信B・都度課金（架空）/ 6作品
A4: 作品CD | B4: 商品ｺｰﾄﾞ | C4: 配信区分 | D4: 対象月 | E4: 視聴/契約数 | F4: 単価(税抜) | G4: 総額 | H4: PF手数料 | I4: 正味売上 | J4: 備考
A5: DEMO-W01 | B5: DEMO-W01-DIG | C5: TVOD | D5: 2026/07 | E5: 820 | F5: 440 | G5: 360800 | H5: 108240 | I5: 252560 | J5: 正常
A6: DEMO-W01 | B6: DEMO-W01-DIG | C6: EST | D6: 2026/07 | E6: 150 | F6: 2000 | G6: 300000 | H6: 60000 | I6: 240000 | J6: 正常
A7: DEMO-W04 | B7: DEMO-W04-DIG | C7: TVOD | D7: 2026/07 | E7: 610 | F7: 440 | G7: 268400 | H7: 80520 | I7: 187880 | J7: 正常
A8: DEMO-W04 | B8: DEMO-W04-DIG | C8: EST | D8: 2026/07 | E8: 95 | F8: 2000 | G8: 190000 | H8: 38000 | I8: 152000 | J8: 正常
A9: DEMO-W12 | B9: DEMO-W12-DIG | C9: TVOD | D9: 2026/07 | E9: 540 | F9: 400 | G9: 216000 | H9: 64800 | I9: 151200 | J9: 正常
A10: DEMO-W16 | B10: DEMO-W16-DIG | C10: TVOD | D10: 2026/07 | E10: 380 | F10: 400 | G10: 152000 | H10: 45600 | I10: 106400 | J10: 正常
A11: DEMO-W19 | B11: DEMO-W19-DIG | C11: TVOD | D11: 2026/07 | E11: 1240 | F11: 500 | G11: 620000 | H11: 186000 | I11: 434000 | J11: 正常
A12: DEMO-W19 | B12: DEMO-W19-DIG | C12: EST | D12: 2026/07 | E12: 210 | F12: 2500 | G12: 525000 | H12: 105000 | I12: 420000 | J12: 正常
A13: DEMO-W20 | B13: DEMO-W20-DIG | C13: TVOD | D13: 2026/07 | E13: 980 | F13: 500 | G13: 490000 | H13: 147000 | I13: 343000 | J13: 正常
A14: DEMO-W07 | C14: TVOD | D14: 2026/07 | E14: 60 | F14: 400 | G14: 24000 | H14: 7200 | I14: 17000 | J14: 要修正: 商品コード欠落・正味額不一致

Sheet 検証期待値
A1: 検証項目 | B1: 期待値 | D1: Details の行 | E1: 総額再計算 | F1: 手数料（報告） | G1: 正味再計算 | H1: 報告の正味との差
A2: 注意 | B2: 非公式・架空データ・実在企業発行書式ではありません。取込・加工テスト専用。 | D2: 5 | E2: =Details!E5*Details!F5 | F2: =Details!H5 | G2: =E2-F2 | H2: =G2-Details!I5
A3: 取引先 | B3: 架空配信B・都度課金（架空）（DEMO-PF-B） | D3: 6 | E3: =Details!E6*Details!F6 | F3: =Details!H6 | G3: =E3-F3 | H3: =G3-Details!I6
A4: 報告の種類 | B4: 配信 | D4: 7 | E4: =Details!E7*Details!F7 | F4: =Details!H7 | G4: =E4-F4 | H4: =G4-Details!I7
A5: 正常行数 | B5: 9 | D5: 8 | E5: =Details!E8*Details!F8 | F5: =Details!H8 | G5: =E5-F5 | H5: =G5-Details!I8
A6: 作品数 | B6: 6 | D6: 9 | E6: =Details!E9*Details!F9 | F6: =Details!H9 | G6: =E6-F6 | H6: =G6-Details!I9
A7: 総額合計 | B7: 3122200 | D7: 10 | E7: =Details!E10*Details!F10 | F7: =Details!H10 | G7: =E7-F7 | H7: =G7-Details!I10
A8: 手数料合計 | B8: 835160 | D8: 11 | E8: =Details!E11*Details!F11 | F8: =Details!H11 | G8: =E8-F8 | H8: =G8-Details!I11
A9: 正味売上合計 | B9: 2287040 | D9: 12 | E9: =Details!E12*Details!F12 | F9: =Details!H12 | G9: =E9-F9 | H9: =G9-Details!I12
A10: 要修正行 | B10: Details 14行目 | D10: 13 | E10: =Details!E13*Details!F13 | F10: =Details!H13 | G10: =E10-F10 | H10: =G10-Details!I13
D11: 14 | E11: =Details!E14*Details!F14 | F11: =Details!H14 | G11: =E11-F11 | H11: =G11-Details!I14
