Workbook

Sheet Details
A1: ビデオグラム事業者風 出荷・返品報告（架空）
A2: 非公式・架空データ・実在企業発行書式ではありません。取込・加工テスト専用。
A3: 対象期間: 2026-07 / 取引先: 架空レンタルチェーン（架空）/ 5作品
A4: 作品コード | B4: 品番 | C4: 商材 | D4: 集計年月 | E4: 出荷数量 | F4: 返品数 | G4: 正味数量 | H4: 精算単価 | I4: 正味額 | J4: 検証メモ
A5: DEMO-W03 | B5: DEMO-W03-RNT | C5: レンタルDVD | D5: 2026年7月 | E5: 260 | F5: 12 | G5: 248 | H5: 420 | I5: 104160 | J5: 正常
A6: DEMO-W03 | B6: DEMO-W03-RNT | C6: レンタルBD | D6: 2026年7月 | E6: 90 | F6: 4 | G6: 86 | H6: 580 | I6: 49880 | J6: 正常
A7: DEMO-W05 | B7: DEMO-W05-RNT | C7: レンタルDVD | D7: 2026年7月 | E7: 140 | F7: 9 | G7: 131 | H7: 420 | I7: 55020 | J7: 正常
A8: DEMO-W09 | B8: DEMO-W09-RNT | C8: レンタルDVD | D8: 2026年7月 | E8: 310 | F8: 15 | G8: 295 | H8: 420 | I8: 123900 | J8: 正常
A9: DEMO-W09 | B9: DEMO-W09-RNT | C9: レンタルBD | D9: 2026年7月 | E9: 120 | F9: 6 | G9: 114 | H9: 580 | I9: 66120 | J9: 正常
A10: DEMO-W14 | B10: DEMO-W14-RNT | C10: レンタルDVD | D10: 2026年7月 | E10: 420 | F10: 18 | G10: 402 | H10: 420 | I10: 168840 | J10: 正常
A11: DEMO-W17 | B11: DEMO-W17-RNT | C11: レンタルDVD | D11: 2026年7月 | E11: 180 | F11: 7 | G11: 173 | H11: 420 | I11: 72660 | J11: 正常
A12: DEMO-W09 | B12: DEMO-W09-RNT | C12: レンタルDVD | D12: 2026年7月 | E12: 40 | F12: 75 | G12: -35 | H12: 500 | I12: 21000 | J12: 要修正: 返品超過・正味額不一致

Sheet 検証期待値
A1: 検証項目 | B1: 期待値 | D1: Details の行 | E1: 正味数量再計算 | F1: 正味額再計算 | G1: 報告の正味額との差
A2: 注意 | B2: 非公式・架空データ・実在企業発行書式ではありません。取込・加工テスト専用。 | D2: 5 | E2: =Details!E5-Details!F5 | F2: =E2*Details!H5 | G2: =F2-Details!I5
A3: 取引先 | B3: 架空レンタルチェーン（架空）（DEMO-RNT-A） | D3: 6 | E3: =Details!E6-Details!F6 | F3: =E3*Details!H6 | G3: =F3-Details!I6
A4: 報告の種類 | B4: ビデオグラム | D4: 7 | E4: =Details!E7-Details!F7 | F4: =E4*Details!H7 | G4: =F4-Details!I7
A5: 正常行数 | B5: 7 | D5: 8 | E5: =Details!E8-Details!F8 | F5: =E5*Details!H8 | G5: =F5-Details!I8
A6: 作品数 | B6: 5 | D6: 9 | E6: =Details!E9-Details!F9 | F6: =E6*Details!H9 | G6: =F6-Details!I9
A7: 正味数量合計 | B7: 1449 | D7: 10 | E7: =Details!E10-Details!F10 | F7: =E7*Details!H10 | G7: =F7-Details!I10
A8: 正味額合計 | B8: 640580 | D8: 11 | E8: =Details!E11-Details!F11 | F8: =E8*Details!H11 | G8: =F8-Details!I11
A9: 要修正行 | B9: Details 12行目 | D9: 12 | E9: =Details!E12-Details!F12 | F9: =E9*Details!H12 | G9: =F9-Details!I12
